Method,AS,Rank
combatseq,0.7066666666666667,1
debias,0.6613333333333333,2
metadict,0.6053333333333333,3
pn,0.46799999999999997,4
fabatch,0.4,5
Before correction,0.372,6
