Method,AUC,Rank
combatseq,0.9996860282574568,1
debias,0.9996546310832025,2
metadict,0.9995604395604396,3
fabatch,0.9974882260596546,4
Before correction,0.9972684458398744,5
pn,0.9909576138147567,6
