Method,AUC,Rank
combatseq,0.9960753532182104,1
Before correction,0.9941444270015699,2
debias,0.9940973312401884,3
metadict,0.9929356357927787,4
fabatch,0.9914599686028257,5
pn,0.9854631083202512,6
