Method,MeanUpper_Aitchison_RMSE,MeanUpper_Bray,Score_Aitchison,Score_Bray,Combined_Score,Rank
combatseq,1.0313295149259465,0.22557805208584886,0.492288421278837,0.8159415047438794,0.633781157203528,1
pn,0.9103910479870925,0.3433491550394159,0.5234530391323088,0.7444081058514221,0.6242296735678722,2
debias,1.117214476317127,0.3222878057132543,0.47231870515994673,0.7562650095382153,0.5976605307888957,3
metadict,1.1424398932976008,0.3347902559570047,0.4667575520454018,0.7491813755285694,0.5913425951846544,4
fabatch,1.2452801742469843,0.2987304457497835,0.4453787155250579,0.7699827191027925,0.5856055962936942,5
Before correction,1.3469702380392583,0.40678527005138543,0.42608124457318863,0.7108405392697019,0.5503415500079121,6
