Method,iLISI,cLISI,Score,Rank
debias,0.8863636363636365,0.7999999999999998,2,1
Before Correction,0.8422330097087378,0.7241379310344829,3.25,2
pn,0.8422330097087378,0.7241379310344829,3.25,3
combatseq,0.875,0.8672199170124482,3.5,4
metadict,0.8529411764705881,0.8672199170124482,4,5
fabatch,0.8422330097087378,0.8672199170124482,5,6
