Method,Batch_Distance,Coverage,Score,Rank
debias,0.9271025871850179,0.315,0.16345782632160274,1
combatseq,1.8347836197987346,0.3116,0.10992020619271219,2
metadict,2.3325374697693877,0.305,0.0915218516721152,3
pn,3.22324859159131,0.30729999999999996,0.07276389095632423,4
fabatch,7.280087634397096,0.3492,0.042173466685226285,5
Before Correction,9.499937236091922,0.3361,0.032009715148078016,6
