Method,Treatment_Aitchison,Batch_Aitchison,Score_Aitchison,Treatment_Bray,Batch_Bray,Score_Bray,Combined_Score,Rank
combatseq,0.15700201585789297,0,0.9999999999936307,0.1897134017026314,0,0.9999999999947289,0.9999999999941798,1
debias,0.16239533708526954,0.05663685685850817,0.7414222273014923,0.29840578346151625,0.003429294813752759,0.9886385146672253,0.8561533563215257,2
metadict,0.15779286584111762,0.06591993363750315,0.7053367809448553,0.18299544563181003,0.10383654761441752,0.6379882646984981,0.6708178507635534,3
pn,0.09441935008512847,0.05303744742124927,0.6403187352580634,0.11173298308208657,0.09326937205792518,0.5450326802598465,0.5907576800163477,4
fabatch,0.23715450229540203,0.20861736698985078,0.5320086767142165,0.2330536063630536,0.2378934832024613,0.49486154926144404,0.5130990527951965,5
Before correction,0.12089574967130046,0.27049878510514314,0.30888461368027204,0.13441733938213274,0.32757754184537013,0.29094984564482623,0.2997831394063664,6
