Method,Treatment,Batch,Rank
fabatch,0.4211004602517361,0.32914397070156187,1
metadict,0.31632162135493636,0.10768840814229004,2
debias,0.30013927690950115,0.06990679501723214,3
combatseq,0.29815279291124597,0.0016759550881444906,4
Before Correction,0.2746287643314627,0.41077406370729846,5
pn,0.20071580679988205,0.10246062628759549,6
