Method,Score_CLR,Score_TSS,Combined_Score,Rank
debias,0.06665041234534783,0.10833765750947956,0.08497499364834268,1
combatseq,0.07503780887531676,0.08310942828617102,0.07897056030872862,2
metadict,0.06585220271950748,0.07632253165061806,0.07089433564342448,3
fabatch,0.06432425022761042,0.05974407996143792,0.061991879702569905,4
pn,0.040966063738876804,0.04995664778370832,0.04523855896564361,5
Before correction,0.0523509460775595,0.03509493197420433,0.042863188068285235,6
