Method,Silhouette,Rank
debias,0.6902915615180432,1
combatseq,0.6879053116949485,2
metadict,0.6852010769327778,3
fabatch,0.6402297369353114,4
Before correction,0.600113577967376,5
pn,0.5767849583779049,6
